{
  "project_info": {
    "project_number": "342507690328",
    "firebase_url": "https://chatall-ebf22.firebaseio.com",
    "project_id": "chatall-ebf22",
    "storage_bucket": "chatall-ebf22.appspot.com"
  },
  "client": [
    {
      "client_info": {
        "mobilesdk_app_id": "1:342507690328:android:4dd4ec1d2c44c0bb9fed2d",
        "android_client_info": {
          "package_name": "com.example.chatall"
        }
      },
      "oauth_client": [
        {
          "client_id": "342507690328-6fr01sk4skfv08in1sdd2ln4tjn2qfee.apps.googleusercontent.com",
          "client_type": 3
        }
      ],
      "api_key": [
        {
          "current_key": "AIzaSyDlMX9P2-KvMUq1LcTLE3m89s1ANU9NQLo"
        }
      ],
      "services": {
        "appinvite_service": {
          "other_platform_oauth_client": [
            {
              "client_id": "342507690328-6fr01sk4skfv08in1sdd2ln4tjn2qfee.apps.googleusercontent.com",
              "client_type": 3
            }
          ]
        }
      }
    }
  ],
  "configuration_version": "1"
}